run,sha256,bytes
1,fcd7ec70ccc62b304d0d976213ed43abaf2ce5e7811332b2d29c739dafea72a6,1176
2,fcd7ec70ccc62b304d0d976213ed43abaf2ce5e7811332b2d29c739dafea72a6,1176
3,fcd7ec70ccc62b304d0d976213ed43abaf2ce5e7811332b2d29c739dafea72a6,1176
4,fcd7ec70ccc62b304d0d976213ed43abaf2ce5e7811332b2d29c739dafea72a6,1176
5,fcd7ec70ccc62b304d0d976213ed43abaf2ce5e7811332b2d29c739dafea72a6,1176
6,fcd7ec70ccc62b304d0d976213ed43abaf2ce5e7811332b2d29c739dafea72a6,1176
7,fcd7ec70ccc62b304d0d976213ed43abaf2ce5e7811332b2d29c739dafea72a6,1176
8,fcd7ec70ccc62b304d0d976213ed43abaf2ce5e7811332b2d29c739dafea72a6,1176
9,fcd7ec70ccc62b304d0d976213ed43abaf2ce5e7811332b2d29c739dafea72a6,1176
10,fcd7ec70ccc62b304d0d976213ed43abaf2ce5e7811332b2d29c739dafea72a6,1176
11,fcd7ec70ccc62b304d0d976213ed43abaf2ce5e7811332b2d29c739dafea72a6,1176
12,fcd7ec70ccc62b304d0d976213ed43abaf2ce5e7811332b2d29c739dafea72a6,1176
13,fcd7ec70ccc62b304d0d976213ed43abaf2ce5e7811332b2d29c739dafea72a6,1176
14,fcd7ec70ccc62b304d0d976213ed43abaf2ce5e7811332b2d29c739dafea72a6,1176
15,fcd7ec70ccc62b304d0d976213ed43abaf2ce5e7811332b2d29c739dafea72a6,1176
16,fcd7ec70ccc62b304d0d976213ed43abaf2ce5e7811332b2d29c739dafea72a6,1176
17,fcd7ec70ccc62b304d0d976213ed43abaf2ce5e7811332b2d29c739dafea72a6,1176
18,fcd7ec70ccc62b304d0d976213ed43abaf2ce5e7811332b2d29c739dafea72a6,1176
19,fcd7ec70ccc62b304d0d976213ed43abaf2ce5e7811332b2d29c739dafea72a6,1176
20,fcd7ec70ccc62b304d0d976213ed43abaf2ce5e7811332b2d29c739dafea72a6,1176
